categories,employmentTypes,metadata_expiryDate,metadata_isPostedOnBehalf,metadata_jobPostId,metadata_newPostingDate,metadata_originalPostingDate,metadata_repostCount,metadata_totalNumberJobApplication,metadata_totalNumberOfView,minimumYearsExperience,numberOfVacancies,occupationId,positionLevels,postedCompany_name,salary_maximum,salary_minimum,salary_type,status_id,status_jobStatus,title,average_salary
"[{""id"":13,""category"":""Environment / Health""},{""id"":25,""category"":""Manufacturing""},{""id"":36,""category"":""Sciences / Laboratory / R&D""}]",Permanent,5/8/2023,FALSE,MCF-2023-0252866,4/8/2023,########,2,5,151,0,1,,Executive,WORKSTONE PTE. LTD.,2800,2000,Monthly,0,Closed,"Food Technologist - Clementi | Entry Level | Up to $2,800",2400
"[{""id"":21,""category"":""Information Technology""}]",Permanent,5/8/2023,FALSE,MCF-2023-0273977,4/8/2023,4/8/2023,0,0,55,2,2,,Executive,TRUST RECRUIT PTE. LTD.,5500,4000,Monthly,0,Closed,"Software Engineer (Fab Support) (Java, CIM, Up to $ 5.5K) - DS",4750
"[{""id"":33,""category"":""Repair and Maintenance""}]",Full Time,########,FALSE,MCF-2023-0273994,4/8/2023,4/8/2023,0,7,99,3,1,,Senior Executive,PU TIEN SERVICES PTE. LTD.,4600,3800,Monthly,0,Closed,Senior Technician,4200
"[{""id"":21,""category"":""Information Technology""}]",Permanent,5/8/2023,FALSE,MCF-2023-0273991,4/8/2023,4/8/2023,0,6,113,8,1,,Senior Executive,TRUST RECRUIT PTE. LTD.,10000,5000,Monthly,0,Closed,"Senior .NET Developer (.NET Core, MVC, MVVC, SharePoint) - DS",7500
"[{""id"":2,""category"":""Admin / Secretarial""}]",Full Time,5/8/2023,FALSE,MCF-2023-0273976,4/8/2023,4/8/2023,0,3,99,2,3,,Non-executive,EATZ CATERING SERVICES PTE. LTD.,3400,2400,Monthly,0,Closed,Sales / Admin Cordinator,2900
"[{""id"":7,""category"":""Consulting""},{""id"":21,""category"":""Information Technology""},{""id"":29,""category"":""Professional Services""}]",Full Time,########,FALSE,MCF-2023-0273974,4/8/2023,4/8/2023,0,4,110,1,3,,Junior Executive,BYTECENTURE CONSULTING PTE. LTD.,6000,4000,Monthly,0,Closed,Software Support Engineer,5000
"[{""id"":21,""category"":""Information Technology""}]",Permanent,5/8/2023,FALSE,MCF-2023-0273984,4/8/2023,4/8/2023,0,28,171,3,1,,Manager,TRUST RECRUIT PTE. LTD.,10000,8000,Monthly,0,Closed,"Urgent Hiring!!! Business Development Manager (Process Automation Solution, MES, Pre-sales, Siemens, Aveva)",9000
"[{""id"":37,""category"":""Security and Investigation""}]",Permanent,5/8/2023,FALSE,MCF-2023-0273993,4/8/2023,4/8/2023,0,9,137,3,1,,Senior Executive,TRITON AI PTE. LTD.,7000,6500,Monthly,0,Closed,IT Security Engineer (Maritime/ Cloud Security),6750
"[{""id"":1,""category"":""Accounting / Auditing / Taxation""},{""id"":24,""category"":""Logistics / Supply Chain""},{""id"":35,""category"":""Sales / Retail""}]",Permanent,########,FALSE,MCF-2023-0261996,########,4/4/2023,2,5,82,1,1,,Manager,WORKSTONE PTE. LTD.,5500,3000,Monthly,0,Closed,"Assistant Sales Manager (Hunter Role)- Up to $5,500| Freight Forwarding| Changi",4250
"[{""id"":7,""category"":""Consulting""},{""id"":14,""category"":""Events / Promotions""},{""id"":24,""category"":""Logistics / Supply Chain""},{""id"":29,""category"":""Professional Services""},{""id"":35,""category"":""Sales / Retail""}]",Permanent,########,FALSE,MCF-2023-0261998,########,4/4/2023,2,5,114,0,2,,Junior Executive,WORKSTONE PTE. LTD.,7000,2500,Monthly,0,Closed,"Car Leasing, RM â€“ West|Entry Level | Up to Basic $2,500 + $1,000 Transport + Comm",4750
"[{""id"":11,""category"":""Engineering""},{""id"":21,""category"":""Information Technology""},{""id"":33,""category"":""Repair and Maintenance""},{""id"":39,""category"":""Telecommunications""},{""id"":43,""category"":""Precision Engineering""}]",Permanent,########,FALSE,MCF-2023-0261993,########,4/4/2023,2,2,75,2,1,,Non-executive,WORKSTONE PTE. LTD.,4800,3000,Monthly,0,Closed,"Electrical Engineer - Tuas | Generator exp|$4,700",3900
"[{""id"":15,""category"":""F&B""}]",Part Time,########,FALSE,MCF-2023-0273999,4/8/2023,4/8/2023,0,4,148,1,2,,Non-executive,SAVORNANA PTE. LTD.,3200,2300,Monthly,0,Closed,Cook / Chef de Partie / Kitchen Assistant,2750
"[{""id"":1,""category"":""Accounting / Auditing / Taxation""},{""id"":2,""category"":""Admin / Secretarial""},{""id"":4,""category"":""Architecture / Interior Design""},{""id"":6,""category"":""Building and Construction""},{""id"":41,""category"":""Others""}]",Permanent,########,FALSE,MCF-2023-0273998,########,4/8/2023,1,2,71,8,1,,Senior Executive,WORKSTONE PTE. LTD.,4500,3500,Monthly,0,Closed,Senior Accounts & Admin- Harbourfront | Construction Industry |$4500,4000
"[{""id"":21,""category"":""Information Technology""}]",Permanent,5/8/2023,FALSE,MCF-2023-0273980,4/8/2023,4/8/2023,0,0,52,5,1,,Manager,TRUST RECRUIT PTE. LTD.,9000,5000,Monthly,0,Closed,"Tech Lead (Backend, Ruby on Rails, AWS, Socket IO, Up to $9K)",7000
"[{""id"":13,""category"":""Environment / Health""},{""id"":29,""category"":""Professional Services""},{""id"":36,""category"":""Sciences / Laboratory / R&D""}]",Full Time,5/8/2023,FALSE,MCF-2023-0273987,4/8/2023,4/8/2023,0,3,134,2,1,,Senior Executive,SDT MOLECULAR PTE. LTD.,6000,3000,Monthly,0,Closed,"Sales Specialist/Manager, Molecular Diagnostics",4500
"[{""id"":39,""category"":""Telecommunications""}]",Full Time,5/8/2023,FALSE,MCF-2023-0273986,4/8/2023,4/8/2023,0,3,142,15,3,,Professional,SINGAPORE TELECOMMUNICATIONS LIMITED,14000,7000,Monthly,0,Closed,Senior Cloud Migration Engineer,10500
"[{""id"":39,""category"":""Telecommunications""}]",Full Time,5/8/2023,FALSE,MCF-2023-0273985,4/8/2023,4/8/2023,0,4,101,15,3,,Professional,SINGAPORE TELECOMMUNICATIONS LIMITED,14000,7000,Monthly,0,Closed,Lead Cloud Migration Engineer,10500
"[{""id"":39,""category"":""Telecommunications""}]",Full Time,5/8/2023,FALSE,MCF-2023-0273988,4/8/2023,4/8/2023,0,4,137,8,3,,Professional,SINGAPORE TELECOMMUNICATIONS LIMITED,14000,7000,Monthly,0,Closed,Cloud Migration Engineer,10500
"[{""id"":11,""category"":""Engineering""},{""id"":33,""category"":""Repair and Maintenance""},{""id"":43,""category"":""Precision Engineering""}]",Permanent,########,FALSE,MCF-2023-0261992,########,4/4/2023,2,0,105,1,1,,Non-executive,WORKSTONE PTE. LTD.,3000,1800,Monthly,0,Closed,"CNC Machinist - Boon Lay / Basic up to $2,400",2400
"[{""id"":3,""category"":""Advertising / Media""},{""id"":7,""category"":""Consulting""},{""id"":9,""category"":""Design""},{""id"":26,""category"":""Marketing / Public Relations""}]",Permanent,5/8/2023,FALSE,MCF-2023-0251095,4/8/2023,########,2,3,77,1,1,,Executive,WORKSTONE PTE. LTD.,5000,2500,Monthly,0,Closed,"Brand & Communication Executive- Tuas| Up to $5,000",3750
"[{""id"":21,""category"":""Information Technology""}]",Permanent,5/8/2023,FALSE,MCF-2023-0273990,4/8/2023,4/8/2023,0,35,241,8,1,,Senior Executive,TRUST RECRUIT PTE. LTD.,10000,6000,Monthly,0,Closed,"Senior Business Analyst (Digital Transformation, Business Process, Fit-Gap analysis) - DS",8000
"[{""id"":26,""category"":""Marketing / Public Relations""}]",Permanent,5/8/2023,FALSE,MCF-2023-0273992,4/8/2023,4/8/2023,0,7,103,2,1,,Manager,TRUST RECRUIT PTE. LTD.,5000,4000,Monthly,0,Closed,"Brand & Marketing Manager (Concept Branding, F&B)",4500
"[{""id"":26,""category"":""Marketing / Public Relations""}]",Permanent,5/8/2023,FALSE,MCF-2023-0273997,4/8/2023,4/8/2023,0,7,73,3,1,,Professional,TRITON AI PTE. LTD.,5000,4000,Monthly,0,Closed,"Assistant Manager (Marketing, Commercial)",4500
"[{""id"":2,""category"":""Admin / Secretarial""},{""id"":8,""category"":""Customer Service""}]",Permanent,5/8/2023,FALSE,MCF-2023-0274196,4/8/2023,4/8/2023,0,0,54,1,1,,Non-executive,TALENT TRADER GROUP PTE. LTD.,4000,2000,Monthly,0,Closed,Worknow: Barista/ Service Crew,3000
"[{""id"":32,""category"":""Real Estate / Property Management""}]",Permanent,5/8/2023,FALSE,MCF-2023-0273996,4/8/2023,4/8/2023,0,12,120,3,1,,Manager,TRUST RECRUIT PTE. LTD.,5500,4500,Monthly,0,Closed,"Urgent!!! Assistant Property Leasing Manager (Commercial, Retail, F&B, Facilities)",5000
"[{""id"":2,""category"":""Admin / Secretarial""},{""id"":8,""category"":""Customer Service""}]",Full Time,5/9/2023,FALSE,MCF-2023-0273979,########,4/8/2023,1,70,488,1,2,,Fresh/entry level,CHATSWORTH MEDI@RT ACADEMY PTE. LTD.,3000,2800,Monthly,0,Closed,Administration Officer,2900
"[{""id"":41,""category"":""Others""}]",Permanent,5/8/2023,FALSE,MCF-2023-0274000,4/8/2023,4/8/2023,0,15,137,2,1,,Senior Executive,TRITON AI PTE. LTD.,8000,7000,Monthly,0,Closed,Business Analyst (Up $8000),7500
"[{""id"":8,""category"":""Customer Service""},{""id"":16,""category"":""General Management""},{""id"":17,""category"":""General Work""}]",Full Time,########,FALSE,MCF-2023-0273978,4/8/2023,4/8/2023,0,20,157,1,2,,Senior Executive,CHATSWORTH MEDI@RT ACADEMY PTE. LTD.,3000,2800,Monthly,0,Closed,Customer Experience Specialist,2900
"[{""id"":17,""category"":""General Work""}]",Full Time,5/8/2023,TRUE,MCF-2023-0274189,4/8/2023,4/8/2023,0,3,97,10,4,,Professional,WONDERFUL MANPOWER PTE. LTD.,4700,2400,Monthly,0,Closed,Driver,3550
"[{""id"":21,""category"":""Information Technology""}]",Permanent,########,FALSE,MCF-2023-0274185,4/8/2023,4/8/2023,0,5,104,1,1,,Junior Executive,TRUST RECRUIT PTE. LTD.,5500,4500,Monthly,0,Closed,URGENT / Software Engineer ( C# / JAVA / Python / Cat 1 ),5000
"[{""id"":6,""category"":""Building and Construction""}]",Full Time,5/8/2023,FALSE,MCF-2023-0274180,4/8/2023,4/8/2023,0,17,124,5,2,,Executive,SING WAH ENTERPRISE PTE. LTD.,9000,5000,Monthly,0,Closed,Project Manager(ACMV/Electrical),7000
"[{""id"":1,""category"":""Accounting / Auditing / Taxation""},{""id"":2,""category"":""Admin / Secretarial""},{""id"":8,""category"":""Customer Service""},{""id"":17,""category"":""General Work""},{""id"":24,""category"":""Logistics / Supply Chain""}]",Contract,########,FALSE,MCF-2023-0261994,########,4/4/2023,2,3,63,1,1,,Junior Executive,WORKSTONE PTE. LTD.,2500,2000,Monthly,0,Closed,"Shipping Coordinator x 3 - Joo Koon| Logistics | Up $2,500",2250
"[{""id"":16,""category"":""General Management""}]",Permanent,5/8/2023,FALSE,MCF-2023-0273995,4/8/2023,4/8/2023,0,6,118,6,1,,Manager,TRITON AI PTE. LTD.,9000,7500,Monthly,0,Closed,"Product Owner (Business Transformation/ Scrum, Agile)",8250
"[{""id"":21,""category"":""Information Technology""}]",Permanent,5/8/2023,FALSE,MCF-2023-0273975,4/8/2023,4/8/2023,0,43,271,2,1,,Junior Executive,TRUST RECRUIT PTE. LTD.,6000,4500,Monthly,0,Closed,"Data Analyst (Game Industry, Python, R, Tableau, Power BI, $6K) - DS",5250
"[{""id"":11,""category"":""Engineering""},{""id"":25,""category"":""Manufacturing""},{""id"":33,""category"":""Repair and Maintenance""},{""id"":43,""category"":""Precision Engineering""}]",Permanent,########,FALSE,MCF-2023-0262671,########,4/4/2023,2,8,150,2,2,,Non-executive,WORKSTONE PTE. LTD.,3500,2000,Monthly,0,Closed,"Maintenance Technician x 2 - Tuas |Entry | Up $3,000 Basic + Allowances",2750
"[{""id"":21,""category"":""Information Technology""}]",Permanent,########,FALSE,MCF-2023-0274181,4/8/2023,4/8/2023,0,4,69,2,1,,Junior Executive,TRUST RECRUIT PTE. LTD.,5000,4000,Monthly,0,Closed,URGENT !! / Software Engineer / System Analyst (Java / SQL),4500
"[{""id"":21,""category"":""Information Technology""}]",Permanent,5/8/2023,FALSE,MCF-2023-0273982,4/8/2023,4/8/2023,0,0,73,3,1,,Senior Executive,TRUST RECRUIT PTE. LTD.,10000,8000,Monthly,0,Closed,"Senior Software Engineer (Wonderware MES, FMCG) - DS",9000
"[{""id"":2,""category"":""Admin / Secretarial""},{""id"":6,""category"":""Building and Construction""},{""id"":7,""category"":""Consulting""},{""id"":8,""category"":""Customer Service""},{""id"":11,""category"":""Engineering""}]",Contract,########,FALSE,MCF-2023-0261995,########,4/4/2023,2,0,66,0,1,,Non-executive,WORKSTONE PTE. LTD.,3200,2500,Monthly,0,Closed,"Officer - R&D, Mechanical Design | Entry Level Jurong East - Up to $3,200",2850
"[{""id"":21,""category"":""Information Technology""}]",Permanent,5/8/2023,FALSE,MCF-2023-0273972,4/8/2023,4/8/2023,0,3,61,2,1,,Junior Executive,TRUST RECRUIT PTE. LTD.,5500,4500,Monthly,0,Closed,"Cyber Security Engineer (Post Sales, Imperva, Up to $5.5K + VB)",5000
"[{""id"":21,""category"":""Information Technology""}]",Permanent,########,FALSE,MCF-2023-0274165,4/8/2023,4/8/2023,0,6,77,3,1,,Executive,TRUST RECRUIT PTE. LTD.,6500,4500,Monthly,0,Closed,Urgent / Service Delivery Manager - Japan MNC (IT/ / ITIL / Infra ),5500
"[{""id"":1,""category"":""Accounting / Auditing / Taxation""},{""id"":5,""category"":""Banking and Finance""},{""id"":42,""category"":""Wholesale Trade""}]",Full Time,5/8/2023,FALSE,MCF-2023-0274151,4/8/2023,4/8/2023,0,36,363,0,1,,Fresh/entry level,VALENCY INTERNATIONAL PTE. LTD.,4000,3000,Monthly,0,Closed,Management Trainee,3500
"[{""id"":4,""category"":""Architecture / Interior Design""},{""id"":6,""category"":""Building and Construction""},{""id"":24,""category"":""Logistics / Supply Chain""},{""id"":31,""category"":""Purchasing / Merchandising""}]",Permanent,########,FALSE,MCF-2023-0261997,########,4/4/2023,2,7,110,5,1,,Non-executive,WORKSTONE PTE. LTD.,4300,3000,Monthly,0,Closed,Purchaser - Tuas | Shipbuilding industry | - Up to $4300,3650
"[{""id"":6,""category"":""Building and Construction""}]",Permanent,5/8/2023,FALSE,MCF-2023-0274029,4/8/2023,4/8/2023,0,67,508,15,1,,Middle Management,BENCHMARK STAFFING SOLUTIONS,16000,8000,Monthly,0,Closed,Senior Manager / Project Manager / Project Director,12000
"[{""id"":24,""category"":""Logistics / Supply Chain""},{""id"":25,""category"":""Manufacturing""}]",Permanent,5/8/2023,FALSE,MCF-2023-0274048,4/8/2023,4/8/2023,0,4,45,8,1,,Senior Executive,RECRUITPEDIA PTE. LTD.,7500,5000,Monthly,0,Closed,Senior Production Controller (Excel Macro / SAP) Global MNC,6250
"[{""id"":21,""category"":""Information Technology""},{""id"":34,""category"":""Risk Management""}]",Contract,########,FALSE,MCF-2023-0274178,4/8/2023,4/8/2023,0,7,49,8,5,,Professional,MATRIX PROCESS AUTOMATION PTE. LTD.,13000,8000,Monthly,0,Closed,Senior Consultant,10500
"[{""id"":5,""category"":""Banking and Finance""}]",Full Time,########,FALSE,MCF-2023-0274114,4/8/2023,4/8/2023,0,5,86,2,1,,Professional,GIC PRIVATE LIMITED,10000,5000,Monthly,0,Closed,"Associate/AVP, Fund Investment Services (JR15102)",7500
"[{""id"":21,""category"":""Information Technology""}]",Contract,########,FALSE,MCF-2023-0274156,4/8/2023,4/8/2023,0,2,55,6,4,,Professional,MATRIX PROCESS AUTOMATION PTE. LTD.,10200,6800,Monthly,0,Closed,Network Security Infra Specialist,8500
"[{""id"":41,""category"":""Others""}]",Permanent,5/8/2023,FALSE,MCF-2023-0274121,4/8/2023,4/8/2023,0,12,121,5,1,,Senior Executive,BIG - FOOT LOGISTIC PTE LTD,5000,3800,Monthly,0,Closed,WSH Officer,4400
"[{""id"":6,""category"":""Building and Construction""}]",Full Time,5/8/2023,FALSE,MCF-2023-0274172,4/8/2023,4/8/2023,0,6,104,3,2,,Junior Executive,SING WAH ENTERPRISE PTE. LTD.,5500,3000,Monthly,0,Closed,Project Engineer,4250
"[{""id"":2,""category"":""Admin / Secretarial""},{""id"":8,""category"":""Customer Service""},{""id"":35,""category"":""Sales / Retail""}]",Permanent,6/8/2023,FALSE,MCF-2023-0182953,5/9/2023,3/8/2023,2,12,202,1,1,,Non-executive,QUANTUM LEAP CAREER CONSULTANCY PTE. LTD.,3500,2800,Monthly,0,Closed,Back of House (Luxury Retail - Support) - No sales required,3150
"[{""id"":2,""category"":""Admin / Secretarial""}]",Full Time,5/8/2023,FALSE,MCF-2023-0274155,4/8/2023,4/8/2023,0,16,385,2,1,,Professional,TAYKO BUILDER PTE. LTD.,4500,3000,Monthly,0,Closed,Administrative Assistant,3750
"[{""id"":17,""category"":""General Work""}]",Full Time,5/8/2023,TRUE,MCF-2023-0274207,4/8/2023,4/8/2023,0,0,39,10,4,,Professional,WONDERFUL MANPOWER PTE. LTD.,4700,2400,Monthly,0,Closed,Physician Assistant,3550
"[{""id"":8,""category"":""Customer Service""},{""id"":15,""category"":""F&B""},{""id"":35,""category"":""Sales / Retail""}]",Part Time,########,FALSE,MCF-2023-0274074,########,4/8/2023,1,10,217,3,3,,Non-executive,SGFISHINGRIGZ PTE. LTD.,2300,1700,Monthly,0,Closed,Sales Assistant @ Blk 139 Tampines,2000
"[{""id"":11,""category"":""Engineering""},{""id"":25,""category"":""Manufacturing""},{""id"":27,""category"":""Medical / Therapy Services""}]",Permanent,########,FALSE,MCF-2023-0274084,4/8/2023,4/8/2023,0,1,31,8,1,,Manager,RECRUITPEDIA PTE. LTD.,6500,5000,Monthly,0,Closed,"QA Manager (MDR, ISO13485) MNC",5750
"[{""id"":1,""category"":""Accounting / Auditing / Taxation""},{""id"":16,""category"":""General Management""}]",Permanent,########,FALSE,MCF-2023-0274059,4/8/2023,4/8/2023,0,0,41,6,1,,Manager,RECRUITPEDIA PTE. LTD.,6000,4000,Monthly,0,Closed,Assistant / Audit Manager (External Audit),5000
"[{""id"":8,""category"":""Customer Service""}]",Permanent,5/8/2023,FALSE,MCF-2023-0274064,4/8/2023,4/8/2023,0,8,62,2,1,,Non-executive,RECRUITPEDIA PTE. LTD.,3500,2500,Monthly,0,Closed,Customer Service Officer (Global MNC),3000
"[{""id"":21,""category"":""Information Technology""}]",Permanent,5/8/2023,FALSE,MCF-2023-0273983,4/8/2023,4/8/2023,0,7,90,12,1,,Manager,TRUST RECRUIT PTE. LTD.,10000,8000,Monthly,0,Closed,"Project Manager - PMP (System Integration, MES, Process Automation) - DS",9000
"[{""id"":1,""category"":""Accounting / Auditing / Taxation""},{""id"":2,""category"":""Admin / Secretarial""}]",Permanent,5/8/2023,FALSE,MCF-2023-0274195,4/8/2023,4/8/2023,0,2,46,2,2,,Executive,TALENT TRADER GROUP PTE. LTD.,5000,3000,Monthly,0,Closed,Business Controller / Project Control / Multiple Openings,4000
"[{""id"":11,""category"":""Engineering""},{""id"":25,""category"":""Manufacturing""},{""id"":33,""category"":""Repair and Maintenance""},{""id"":43,""category"":""Precision Engineering""}]",Permanent,5/8/2023,FALSE,MCF-2023-0251074,4/8/2023,########,2,1,52,5,1,,Non-executive,WORKSTONE PTE. LTD.,3600,2000,Monthly,0,Closed,"Asst Electrical Engineer -Tuas |Packing Solution | Up to $3,500",2800
"[{""id"":2,""category"":""Admin / Secretarial""},{""id"":24,""category"":""Logistics / Supply Chain""},{""id"":35,""category"":""Sales / Retail""}]",Permanent,5/8/2023,FALSE,MCF-2023-0274192,4/8/2023,4/8/2023,0,4,59,2,1,,Executive,TALENT TRADER GROUP PTE. LTD.,4000,2200,Monthly,0,Closed,Sales Support Admin (Freight Forwarding),3100
"[{""id"":2,""category"":""Admin / Secretarial""},{""id"":8,""category"":""Customer Service""},{""id"":20,""category"":""Human Resources""},{""id"":23,""category"":""Legal""},{""id"":35,""category"":""Sales / Retail""}]",Permanent,5/8/2023,FALSE,MCF-2023-0274028,4/8/2023,4/8/2023,0,6,70,0,100,,Fresh/entry level,RECRUITPEDIA PTE. LTD.,5000,2500,Monthly,0,Closed,Recruitment Advisor (No Experience Needed - Training will be provided),3750
"[{""id"":3,""category"":""Advertising / Media""},{""id"":26,""category"":""Marketing / Public Relations""},{""id"":35,""category"":""Sales / Retail""}]",Full Time,5/8/2023,FALSE,MCF-2023-0274160,4/8/2023,4/8/2023,0,21,236,1,2,,Executive,HAPPY CAT AUCTIONS LLP,5000,2500,Monthly,0,Closed,TikTok Live Streamer (Part Time),3750
"[{""id"":20,""category"":""Human Resources""}]",Contract,5/8/2023,FALSE,MCF-2023-0274153,4/8/2023,4/8/2023,0,27,362,1,1,,Senior Executive,HMLY PTE LTD,2500,1400,Monthly,0,Closed,Human Resource Assistant (Part Time),1950
"[{""id"":20,""category"":""Human Resources""}]",Permanent,5/8/2023,FALSE,MCF-2023-0274261,4/8/2023,4/8/2023,0,3,93,2,1,,Executive,MAXX ENGINEERING PTE. LTD.,3000,2200,Monthly,0,Closed,HR Executive,2600
"[{""id"":6,""category"":""Building and Construction""}]",Full Time,5/8/2023,FALSE,MCF-2023-0274182,4/8/2023,4/8/2023,0,7,88,3,1,,Executive,ZH ENGINEERING PTE. LTD.,7500,6000,Monthly,0,Closed,Project Engineer,6750
"[{""id"":4,""category"":""Architecture / Interior Design""},{""id"":8,""category"":""Customer Service""},{""id"":9,""category"":""Design""},{""id"":35,""category"":""Sales / Retail""}]",Full Time,5/8/2023,FALSE,MCF-2023-0184351,4/8/2023,3/8/2023,1,24,529,0,3,,Fresh/entry level,ENDO HOMES PTE. LTD.,5000,2000,Monthly,0,Closed,Customer Service Officer,3500
"[{""id"":15,""category"":""F&B""}]",Full Time,5/8/2023,FALSE,MCF-2023-0274150,4/8/2023,4/8/2023,0,2,48,5,1,,Junior Executive,BS SUPERMARKET & TRADING PTE. LTD.,3800,3000,Monthly,0,Closed,Chef,3400
"[{""id"":21,""category"":""Information Technology""}]",Permanent,5/8/2023,FALSE,MCF-2023-0273981,4/8/2023,4/8/2023,0,0,73,2,2,,Senior Executive,TRUST RECRUIT PTE. LTD.,10000,8000,Monthly,0,Closed,Senior Software Engineer/Camstar Developer (Siemens Opcenter Ex MDD/Camstar MDD),9000
"[{""id"":8,""category"":""Customer Service""},{""id"":16,""category"":""General Management""},{""id"":17,""category"":""General Work""},{""id"":26,""category"":""Marketing / Public Relations""},{""id"":28,""category"":""Personal Care / Beauty""}]",Permanent,########,FALSE,MCF-2023-0274183,4/8/2023,4/8/2023,0,0,39,3,2,,Executive,NEW ART BEAUTY SALOON PTE. LTD.,8000,6000,Monthly,0,Closed,MASTER HAIR STYLIST / HAIR CONSULTANT,7000
"[{""id"":2,""category"":""Admin / Secretarial""}]",Full Time,########,FALSE,MCF-2023-0120245,########,########,2,31,469,1,1,,Fresh/entry level,KEAWORLD PTE. LTD.,2800,2200,Monthly,0,Closed,E-Commerce Executive (Product Development),2500
"[{""id"":6,""category"":""Building and Construction""},{""id"":11,""category"":""Engineering""}]",Contract,5/8/2023,FALSE,MCF-2023-0274274,4/8/2023,4/8/2023,0,0,39,3,1,,Executive,STAFFLINK SERVICES PRIVATE LIMITED,5000,4000,Monthly,0,Closed,Quantity Surveyor (Building Project),4500
"[{""id"":10,""category"":""Education and Training""},{""id"":27,""category"":""Medical / Therapy Services""}]",Part Time,5/8/2023,FALSE,MCF-2023-0029664,4/8/2023,########,2,62,600,1,2,,Professional,OLIVE TREE INTERVENTION CENTRE PTE. LTD.,3300,2700,Monthly,0,Closed,Educational Therapist,3000
"[{""id"":6,""category"":""Building and Construction""}]",Full Time,5/8/2023,FALSE,MCF-2023-0274163,4/8/2023,4/8/2023,0,8,197,3,1,,Professional,GREENSAFE INTERNATIONAL PTE. LTD.,4000,3500,Monthly,0,Closed,lifting supervisor # Tuas,3750
"[{""id"":1,""category"":""Accounting / Auditing / Taxation""},{""id"":2,""category"":""Admin / Secretarial""},{""id"":7,""category"":""Consulting""},{""id"":34,""category"":""Risk Management""},{""id"":35,""category"":""Sales / Retail""}]",Full Time,5/8/2023,FALSE,MCF-2023-0274174,4/8/2023,4/8/2023,0,51,222,5,2,,Middle Management,SING WAH ENTERPRISE PTE. LTD.,14000,8000,Monthly,0,Closed,Business development manager,11000
"[{""id"":21,""category"":""Information Technology""}]",Permanent,########,FALSE,MCF-2023-0274166,4/8/2023,4/8/2023,0,9,185,1,1,,Non-executive,TRUST RECRUIT PTE. LTD.,2900,2000,Monthly,0,Closed,URGENT / Desktop Support Engineer (Level 1 Support / Permanent / Window),2450
"[{""id"":21,""category"":""Information Technology""}]",Contract,5/8/2023,FALSE,MCF-2023-0274159,4/8/2023,4/8/2023,0,45,420,4,2,,Professional,MATRIX PROCESS AUTOMATION PTE. LTD.,4500,3000,Monthly,0,Closed,UAT Tester,3750
"[{""id"":21,""category"":""Information Technology""},{""id"":35,""category"":""Sales / Retail""}]",Permanent,########,FALSE,MCF-2023-0274161,4/8/2023,4/8/2023,0,6,56,2,1,,Executive,TRUST RECRUIT PTE. LTD.,6000,5000,Monthly,0,Closed,Urgent // Sales Manager (IT background / hunting + farming),5500
"[{""id"":21,""category"":""Information Technology""},{""id"":35,""category"":""Sales / Retail""}]",Full Time,5/8/2023,FALSE,MCF-2023-0274202,4/8/2023,4/8/2023,0,5,36,2,1,,Senior Executive,RECRUITPEDIA PTE. LTD.,6000,4000,Monthly,0,Closed,IT Sales Manager / Global MNC / East,5000
"[{""id"":41,""category"":""Others""}]",Permanent,5/8/2023,FALSE,MCF-2023-0274219,4/8/2023,4/8/2023,0,2,53,2,1,,Manager,TALENT TRADER GROUP PTE. LTD.,4000,2000,Monthly,0,Closed,Assistant Manager / Restaurant (Urgent Role),3000
"[{""id"":26,""category"":""Marketing / Public Relations""}]",Permanent,5/8/2023,FALSE,MCF-2023-0274193,4/8/2023,4/8/2023,0,66,396,2,2,,Executive,TALENT TRADER GROUP PTE. LTD.,5500,4000,Monthly,0,Closed,Copywriter (Urgent Role),4750
"[{""id"":6,""category"":""Building and Construction""}]",Full Time,5/8/2023,FALSE,MCF-2023-0068697,4/8/2023,########,2,9,224,5,1,,Senior Executive,WAH SYN ENGINEERING PTE. LTD.,5000,3200,Monthly,0,Closed,Project Engineer /Manager (Electrical),4100
"[{""id"":21,""category"":""Information Technology""}]",Full Time,5/8/2023,FALSE,MCF-2023-0274258,4/8/2023,4/8/2023,0,4,121,4,15,,Middle Management,DOITWELL PTE. LTD.,13000,8000,Monthly,0,Closed,Senior Backend Software Engineer,10500
"[{""id"":17,""category"":""General Work""}]",Contract,########,TRUE,MCF-2023-0274223,4/8/2023,4/8/2023,0,1,22,5,1,,Professional,DING FENG INFORMATION SERVICES PTE. LTD.,4600,3000,Monthly,0,Closed,SUPERVISOR,3800
"[{""id"":21,""category"":""Information Technology""}]",Permanent,########,FALSE,MCF-2023-0274158,4/8/2023,4/8/2023,0,7,83,2,1,,Non-executive,TRUST RECRUIT PTE. LTD.,6000,4000,Monthly,0,Closed,URGENT / Network Engineer (CISCO / Firewall / Switcher / Routers),5000
"[{""id"":11,""category"":""Engineering""}]",Permanent,########,FALSE,MCF-2023-0274184,########,4/8/2023,2,1,92,2,2,,Junior Executive,TIANCHENG ELECTRICAL MARINE EQUIPMENT PTE. LTD.,2800,2500,Monthly,0,Re-open,QA Engineer,2650
"[{""id"":15,""category"":""F&B""}]",Full Time,5/8/2023,TRUE,MCF-2023-0274239,4/8/2023,4/8/2023,0,1,24,5,3,,Executive,ORIENTAL EMPLOYMENT PTE. LTD.,4600,3000,Monthly,0,Closed,Chef,3800
"[{""id"":1,""category"":""Accounting / Auditing / Taxation""}]",Permanent,5/8/2023,FALSE,MCF-2023-0274146,4/8/2023,4/8/2023,0,5,94,1,3,,Executive,IN.CORP CORPORATE SERVICES PTE. LTD.,4200,2800,Monthly,0,Closed,Associate/Senior Associate - Accounting & Finance,3500
"[{""id"":6,""category"":""Building and Construction""}]",Full Time,5/8/2023,FALSE,MCF-2023-0274312,4/8/2023,4/8/2023,0,20,132,5,1,,Executive,YU ZE CONSTRUCTION PTE. LTD.,6500,3500,Monthly,0,Closed,Construction Supervisor,5000
"[{""id"":14,""category"":""Events / Promotions""},{""id"":25,""category"":""Manufacturing""}]",Contract,5/8/2023,FALSE,MCF-2023-0274154,4/8/2023,4/8/2023,0,57,1617,0,20,,Fresh/entry level,HMLY PTE LTD,2400,1400,Monthly,0,Closed,Packer,1900
"[{""id"":21,""category"":""Information Technology""}]",Full Time,5/8/2023,FALSE,MCF-2023-0274252,4/8/2023,4/8/2023,0,197,1014,3,20,,Manager,DOITWELL PTE. LTD.,12000,9000,Monthly,0,Closed,Data Analyst,10500
"[{""id"":2,""category"":""Admin / Secretarial""},{""id"":24,""category"":""Logistics / Supply Chain""},{""id"":35,""category"":""Sales / Retail""}]",Permanent,5/8/2023,FALSE,MCF-2023-0274191,4/8/2023,4/8/2023,0,6,70,2,1,,Executive,TALENT TRADER GROUP PTE. LTD.,8200,5500,Monthly,0,Closed,Tender Assistant Manager / Freight Forwarding,6850
"[{""id"":25,""category"":""Manufacturing""}]",Full Time,########,FALSE,MCF-2023-0274298,4/8/2023,4/8/2023,0,1,57,2,3,,Middle Management,CN CANVAS & HARDWARE PTE. LTD.,4200,3200,Monthly,0,Closed,Senior Production Coordinator,3700
"[{""id"":1,""category"":""Accounting / Auditing / Taxation""}]",Permanent,5/8/2023,FALSE,MCF-2023-0274240,4/8/2023,4/8/2023,0,2,43,4,1,,Senior Executive,RECRUITPEDIA PTE. LTD.,5000,4000,Monthly,0,Closed,Accountant - Open for Auditor / (Central),4500
"[{""id"":2,""category"":""Admin / Secretarial""},{""id"":17,""category"":""General Work""}]",Full Time,5/8/2023,TRUE,MCF-2023-0274187,4/8/2023,4/8/2023,0,5,139,10,4,,Professional,WONDERFUL MANPOWER PTE. LTD.,4700,2400,Monthly,0,Closed,Clerk,3550
"[{""id"":11,""category"":""Engineering""},{""id"":25,""category"":""Manufacturing""},{""id"":35,""category"":""Sales / Retail""}]",Full Time,5/8/2023,FALSE,MCF-2023-0274217,4/8/2023,4/8/2023,0,0,35,2,1,,Manager,RECRUITPEDIA PTE. LTD.,6500,4500,Monthly,0,Closed,"Sales Manager (Pumps, Seals) / Oil & Gas MNC / West",5500
"[{""id"":24,""category"":""Logistics / Supply Chain""},{""id"":25,""category"":""Manufacturing""}]",Full Time,5/8/2023,FALSE,MCF-2023-0274209,4/8/2023,4/8/2023,0,3,55,1,1,,Junior Executive,RECRUITPEDIA PTE. LTD.,2900,2300,Monthly,0,Closed,"Supply Chain Assistant / Global MNC / Central (No Experience Required, Training Provided)",2600
"[{""id"":6,""category"":""Building and Construction""},{""id"":7,""category"":""Consulting""},{""id"":11,""category"":""Engineering""},{""id"":35,""category"":""Sales / Retail""},{""id"":42,""category"":""Wholesale Trade""}]",Permanent,5/8/2023,FALSE,MCF-2023-0251067,4/8/2023,########,2,3,78,2,1,,Junior Executive,WORKSTONE PTE. LTD.,3800,2500,Monthly,0,Closed,"Sales Engineer - Tuas | Semicon | On Job Training provided| $3,600 + $150 Allowance",3150
"[{""id"":18,""category"":""Healthcare / Pharmaceutical""},{""id"":35,""category"":""Sales / Retail""}]",Permanent,5/8/2023,FALSE,MCF-2023-0274188,4/8/2023,4/8/2023,0,8,69,2,4,,Executive,TALENT TRADER GROUP PTE. LTD.,6200,3000,Monthly,0,Closed,Account Manager (Biolaboratory / Healthcare),4600
"[{""id"":8,""category"":""Customer Service""}]",Full Time,########,FALSE,MCF-2023-0274332,4/8/2023,4/8/2023,0,7,106,5,1,,Manager,DS TRADERS PTE. LTD.,8000,7000,Monthly,0,Closed,SHOP MANAGER,7500
"[{""id"":1,""category"":""Accounting / Auditing / Taxation""}]",Full Time,5/8/2023,FALSE,MCF-2023-0274149,4/8/2023,4/8/2023,0,13,255,3,1,,Executive,JASPORE MARINE PTE. LTD.,4000,2800,Monthly,0,Closed,Account,3400
"[{""id"":1,""category"":""Accounting / Auditing / Taxation""},{""id"":2,""category"":""Admin / Secretarial""},{""id"":11,""category"":""Engineering""},{""id"":21,""category"":""Information Technology""},{""id"":25,""category"":""Manufacturing""}]",Permanent,########,FALSE,MCF-2023-0057597,4/8/2023,########,2,8,112,1,2,,Junior Executive,RECRUITFLASH PTE. LTD.,3800,2800,Monthly,0,Closed,Assistant Printing Engineer / Operator (producing labels),3300
"[{""id"":8,""category"":""Customer Service""},{""id"":29,""category"":""Professional Services""}]",Full Time,########,FALSE,MCF-2023-0274335,4/8/2023,4/8/2023,0,38,363,3,1,,Executive,HARBOURVEST PARTNERS (SINGAPORE) PTE. LTD.,9200,8500,Monthly,0,Closed,Client Service Associate,8850
"[{""id"":21,""category"":""Information Technology""}]",Contract,########,FALSE,MCF-2023-0274125,4/8/2023,4/8/2023,0,1,42,3,5,,Executive,JOBLINE RESOURCES PTE. LTD.,7000,4000,Monthly,0,Closed,Security Operations Engineer (Ref 25248),5500
"[{""id"":2,""category"":""Admin / Secretarial""},{""id"":8,""category"":""Customer Service""},{""id"":24,""category"":""Logistics / Supply Chain""}]",Permanent,5/8/2023,FALSE,MCF-2023-0274139,4/8/2023,4/8/2023,0,3,35,0,1,,Fresh/entry level,CT SOLUTIONS (PTE. LTD.),2800,2300,Monthly,0,Closed,"Customer Service Officer â€“ Freight Forwarding (5 Days / Up to $2,800 + AWS / Changi / No Experience Required)",2550
"[{""id"":11,""category"":""Engineering""},{""id"":25,""category"":""Manufacturing""}]",Permanent,########,FALSE,MCF-2023-0242090,########,########,2,6,146,0,1,,Fresh/entry level,ATOMRECRUIT PTE. LTD.,2700,2400,Monthly,0,Closed,"Assistant Engineer (Start pay-$2500+$200, No experience/fresh welcome)",2550
"[{""id"":8,""category"":""Customer Service""},{""id"":35,""category"":""Sales / Retail""},{""id"":41,""category"":""Others""}]",Permanent,5/8/2023,FALSE,MCF-2023-0274138,4/8/2023,4/8/2023,0,3,56,1,1,,Junior Executive,CT SOLUTIONS (PTE. LTD.),3500,3000,Monthly,0,Closed,"Retail Sales Associate (MNC / 5 Days / Up to $3,500 + Annual Variable Incentive + Monthly Incentive / Marina Bay Sands / Employee Discount + Gym Sponsorship)",3250
"[{""id"":11,""category"":""Engineering""}]",Full Time,5/8/2023,FALSE,MCF-2023-0071885,4/8/2023,########,2,2,217,1,2,,Executive,SC ENGINEERING PRIVATE LIMITED,3800,2500,Monthly,0,Closed,Project Engineer,3150
"[{""id"":33,""category"":""Repair and Maintenance""}]",Full Time,6/8/2023,FALSE,MCF-2023-0183287,5/9/2023,3/8/2023,2,7,323,1,1,,Executive,SC ENGINEERING PRIVATE LIMITED,3000,2000,Monthly,0,Closed,Air-Con Technician,2500
"[{""id"":18,""category"":""Healthcare / Pharmaceutical""}]",Permanent,5/8/2023,FALSE,MCF-2023-0274321,4/8/2023,4/8/2023,0,4,59,3,1,,Professional,THE TALENT NETWORK PRIVATE LIMITED,5000,4800,Monthly,0,Closed,"Psychologist ( Welfare Organisation) - Up to $ 5,000.00 + AWS + VB / Island-wide area - 2 openings",4900
"[{""id"":8,""category"":""Customer Service""},{""id"":14,""category"":""Events / Promotions""},{""id"":21,""category"":""Information Technology""},{""id"":26,""category"":""Marketing / Public Relations""}]",Full Time,5/8/2023,FALSE,MCF-2023-0274124,4/8/2023,4/8/2023,0,6,164,3,1,,Executive,LONDON SCHOOL OF BUSINESS & FINANCE PTE. LTD.,3300,2800,Monthly,0,Closed,Marketing Executive,3050
"[{""id"":18,""category"":""Healthcare / Pharmaceutical""}]",Permanent,5/8/2023,FALSE,MCF-2023-0274324,4/8/2023,4/8/2023,0,0,38,3,1,,Professional,THE TALENT NETWORK PRIVATE LIMITED,5000,4800,Monthly,0,Closed,"Speech Therapist ( Welfare Organisation) - Up to $ 5,000.00 + AWS + VB / Island-wide area - 2 openings",4900
"[{""id"":8,""category"":""Customer Service""},{""id"":18,""category"":""Healthcare / Pharmaceutical""}]",Permanent,5/8/2023,TRUE,MCF-2023-0274304,4/8/2023,4/8/2023,0,18,451,1,1,,Executive,SEARCH PERSONNEL PRIVATE LIMITED,3700,1800,Monthly,0,Closed,Patient Care or Service Associate (Inpatient) | 5 DAYS | ALL WELCOME,2750
"[{""id"":23,""category"":""Legal""},{""id"":29,""category"":""Professional Services""}]",Permanent,5/8/2023,FALSE,MCF-2023-0274147,4/8/2023,4/8/2023,0,4,56,2,2,,Senior Executive,IN.CORP CORPORATE SERVICES PTE. LTD.,4500,3500,Monthly,0,Closed,Senior Associate - Corporate Secretarial,4000
"[{""id"":3,""category"":""Advertising / Media""},{""id"":4,""category"":""Architecture / Interior Design""},{""id"":9,""category"":""Design""},{""id"":26,""category"":""Marketing / Public Relations""}]",Full Time,5/8/2023,FALSE,MCF-2023-0274115,4/8/2023,4/8/2023,0,8,178,1,1,,Fresh/entry level,LONDON SCHOOL OF BUSINESS & FINANCE PTE. LTD.,2500,2000,Monthly,0,Closed,Junior Web cum Graphic Designer,2250
"[{""id"":24,""category"":""Logistics / Supply Chain""},{""id"":25,""category"":""Manufacturing""},{""id"":41,""category"":""Others""}]",Permanent,5/8/2023,FALSE,MCF-2023-0274140,4/8/2023,4/8/2023,0,9,96,0,1,,Fresh/entry level,CT SOLUTIONS (PTE. LTD.),3000,2500,Monthly,0,Closed,"Assistant Shipping Executive (MNC / 5 Days / Up to $3,000 + AWS + Performance Bonus / Tuas / Island Wide Company Transport Provided / No Experience Required)",2750
"[{""id"":1,""category"":""Accounting / Auditing / Taxation""},{""id"":5,""category"":""Banking and Finance""}]",Permanent,5/8/2023,FALSE,MCF-2023-0274293,4/8/2023,4/8/2023,0,4,74,3,1,,Senior Executive,STAFFLINK SERVICES PRIVATE LIMITED,6000,4000,Monthly,0,Closed,Finance Executive | (Jap MNC),5000
"[{""id"":11,""category"":""Engineering""},{""id"":21,""category"":""Information Technology""},{""id"":25,""category"":""Manufacturing""},{""id"":31,""category"":""Purchasing / Merchandising""},{""id"":41,""category"":""Others""}]",Permanent,########,FALSE,MCF-2023-0165006,4/8/2023,3/1/2023,2,1,63,1,2,,Senior Executive,RECRUITFLASH PTE. LTD.,5000,3000,Monthly,0,Closed,"MNC Software Engineer / EVS, PQMS, EMS Projectâ€“ ( Junior / Entry level / Senior ) X3 Opening)",4000
"[{""id"":5,""category"":""Banking and Finance""},{""id"":7,""category"":""Consulting""},{""id"":22,""category"":""Insurance""},{""id"":35,""category"":""Sales / Retail""},{""id"":41,""category"":""Others""}]",Freelance,5/8/2023,FALSE,MCF-2023-0274137,4/8/2023,4/8/2023,0,0,37,0,5,,Executive,CT SOLUTIONS (PTE. LTD.),5000,2000,Monthly,0,Closed,"Business Partner / Client Advisor, Financial Advisory (Up to $5,000 Monthly Incentive + Monthly Commission + Performance Bonus / Alexandra Road / Career Progression Opportunity / Overseas Travel)",3500
"[{""id"":10,""category"":""Education and Training""}]",Part Time,5/8/2023,FALSE,MCF-2023-0054750,4/8/2023,########,2,1,98,3,1,,Professional,MUSIC LIFESTYLE ACADEMY LLP,3000,3000,Monthly,0,Closed,Violin Teacher Singapore,3000
"[{""id"":21,""category"":""Information Technology""}]",Permanent,########,FALSE,MCF-2023-0274136,4/8/2023,4/8/2023,0,2,42,5,5,,Manager,JOBLINE RESOURCES PTE. LTD.,8500,5000,Monthly,0,Closed,Project Manager (CCTV/Video Analytics) (Ref 25026),6750
"[{""id"":10,""category"":""Education and Training""}]",Part Time,5/8/2023,FALSE,MCF-2023-0133021,4/8/2023,########,1,0,32,3,1,,Professional,MUSIC LIFESTYLE ACADEMY LLP,3000,3000,Monthly,0,Closed,Cello Teacher Singapore,3000
"[{""id"":11,""category"":""Engineering""}]",Permanent,5/8/2023,FALSE,MCF-2023-0274284,4/8/2023,4/8/2023,0,4,53,1,1,,Junior Executive,STAFFLINK SERVICES PRIVATE LIMITED,4000,3000,Monthly,0,Closed,Field Service Engineer (PCB / Probe Cards),3500
"[{""id"":41,""category"":""Others""}]",Full Time,########,TRUE,MCF-2023-0274333,4/8/2023,4/8/2023,0,7,113,5,2,,Fresh/entry level,KAL CONSULTANCY PTE. LTD.,3800,2800,Monthly,0,Closed,Baker,3300
"[{""id"":8,""category"":""Customer Service""}]",Permanent,5/8/2023,FALSE,MCF-2023-0274100,4/8/2023,4/8/2023,0,12,77,2,1,,Senior Executive,RECRUITPEDIA PTE. LTD.,4000,3000,Monthly,0,Closed,Marine Operations Admin (Port) / South,3500
"[{""id"":23,""category"":""Legal""}]",Full Time,########,FALSE,MCF-2023-0274122,4/8/2023,4/8/2023,0,3,72,1,1,,Professional,MALKIN & MAXWELL LLP,6000,5000,Monthly,0,Closed,Law Associate,5500
"[{""id"":11,""category"":""Engineering""},{""id"":21,""category"":""Information Technology""},{""id"":25,""category"":""Manufacturing""},{""id"":31,""category"":""Purchasing / Merchandising""},{""id"":41,""category"":""Others""}]",Permanent,########,FALSE,MCF-2023-0165003,4/8/2023,3/1/2023,2,1,57,1,2,,Senior Executive,RECRUITFLASH PTE. LTD.,5000,3000,Monthly,0,Closed,MNC Electrical Engineers / Project Engineerâ€“ Maintenance 66/22/6.6kV RTUs ( ( Junior / Entry level / Senior ) X3 Opening),4000
"[{""id"":21,""category"":""Information Technology""}]",Contract,########,FALSE,MCF-2023-0274120,4/8/2023,4/8/2023,0,2,39,5,5,,Executive,JOBLINE RESOURCES PTE. LTD.,8000,5000,Monthly,0,Closed,Database Administrator (Ref 24652),6500
"[{""id"":8,""category"":""Customer Service""}]",Permanent,5/8/2023,FALSE,MCF-2023-0274101,4/8/2023,4/8/2023,0,12,84,2,2,,Senior Executive,RECRUITPEDIA PTE. LTD.,3500,2500,Monthly,0,Closed,Admin Officer (Marine Port) / South,3000
"[{""id"":16,""category"":""General Management""},{""id"":22,""category"":""Insurance""}]",Permanent,########,FALSE,MCF-2023-0274056,4/8/2023,4/8/2023,0,1,25,4,1,,Executive,RECRUITPEDIA PTE. LTD.,4500,3000,Monthly,0,Closed,Operations Executive (Project Management) / Insurance MNC,3750
"[{""id"":5,""category"":""Banking and Finance""}]",Full Time,########,FALSE,MCF-2023-0274117,4/8/2023,4/8/2023,0,19,198,3,1,,Professional,GIC PRIVATE LIMITED,13000,6500,Monthly,0,Closed,"Associate/AVP, Asset Valuation and Analytics (JR15095)",9750
"[{""id"":15,""category"":""F&B""}]",Full Time,########,FALSE,MCF-2023-0274123,4/8/2023,4/8/2023,0,2,21,2,1,,Junior Executive,HHJ KITCHEN PTE. LTD.,4500,3300,Monthly,0,Closed,COOK,3900
"[{""id"":2,""category"":""Admin / Secretarial""}]",Permanent,5/8/2023,FALSE,MCF-2023-0274054,4/8/2023,4/8/2023,0,3,60,1,1,,Fresh/entry level,RECRUITPEDIA PTE. LTD.,2600,2200,Monthly,0,Closed,Front Desk Officer (6 days work week),2400
"[{""id"":1,""category"":""Accounting / Auditing / Taxation""},{""id"":5,""category"":""Banking and Finance""},{""id"":16,""category"":""General Management""},{""id"":29,""category"":""Professional Services""},{""id"":41,""category"":""Others""}]",Full Time,########,FALSE,MCF-2023-0274145,4/8/2023,4/8/2023,0,60,371,1,1,,Senior Executive,CRESCO INVESTMENTS PTE. LTD.,5500,3500,Monthly,0,Closed,Office Manager,4500
"[{""id"":17,""category"":""General Work""},{""id"":24,""category"":""Logistics / Supply Chain""},{""id"":41,""category"":""Others""}]",Permanent,5/8/2023,FALSE,MCF-2023-0274143,4/8/2023,4/8/2023,0,1,28,1,1,,Non-executive,CT SOLUTIONS (PTE. LTD.),2500,2300,Monthly,0,Closed,"Class 4 Lorry Driver (5.5 Days / Up to $2,500 + AWS / Changi)",2400
"[{""id"":11,""category"":""Engineering""},{""id"":25,""category"":""Manufacturing""},{""id"":36,""category"":""Sciences / Laboratory / R&D""}]",Permanent,5/8/2023,FALSE,MCF-2023-0274058,4/8/2023,4/8/2023,0,7,55,6,5,,Professional,RECRUITPEDIA PTE. LTD.,10000,7000,Monthly,0,Closed,Senior R&D Mechanical Engineer (Tool Design) Global MNC,8500
"[{""id"":24,""category"":""Logistics / Supply Chain""},{""id"":25,""category"":""Manufacturing""}]",Permanent,5/8/2023,FALSE,MCF-2023-0274035,4/8/2023,4/8/2023,0,10,66,2,1,,Junior Executive,RECRUITPEDIA PTE. LTD.,5000,3000,Monthly,0,Closed,Procurement Specialist (Global Manufacturing MNC),4000
"[{""id"":11,""category"":""Engineering""}]",Permanent,5/8/2023,FALSE,MCF-2023-0274073,4/8/2023,4/8/2023,0,1,29,1,1,,Fresh/entry level,RECRUITPEDIA PTE. LTD.,8000,6000,Monthly,0,Closed,Senior Digital Designer (E&E MNC) - Overseas Opportunity,7000
"[{""id"":20,""category"":""Human Resources""}]",Permanent,########,FALSE,MCF-2023-0274111,4/8/2023,4/8/2023,0,7,48,3,1,,Senior Executive,RECRUITPEDIA PTE. LTD.,4500,3000,Monthly,0,Closed,HR Payroll Executive (Timesoft) / Global MNC / Central,3750
"[{""id"":26,""category"":""Marketing / Public Relations""},{""id"":28,""category"":""Personal Care / Beauty""},{""id"":35,""category"":""Sales / Retail""}]",Full Time,5/8/2023,FALSE,MCF-2023-0274042,4/8/2023,4/8/2023,0,0,50,1,5,,Non-executive,DI YI TCM PTE. LTD.,5000,3000,Monthly,0,Closed,Sales Representative,4000
"[{""id"":8,""category"":""Customer Service""},{""id"":35,""category"":""Sales / Retail""}]",Permanent,########,FALSE,MCF-2023-0274044,4/8/2023,4/8/2023,0,0,20,1,1,,Non-executive,RECRUITPEDIA PTE. LTD.,2800,2300,Monthly,0,Closed,Customer Service Officer (Retail Hour),2550
"[{""id"":8,""category"":""Customer Service""},{""id"":35,""category"":""Sales / Retail""}]",Permanent,########,FALSE,MCF-2023-0274043,4/8/2023,4/8/2023,0,2,27,2,2,,Non-executive,RECRUITPEDIA PTE. LTD.,2800,2000,Monthly,0,Closed,Shopping Mall Concierge (Islandwide),2400
"[{""id"":3,""category"":""Advertising / Media""},{""id"":4,""category"":""Architecture / Interior Design""},{""id"":9,""category"":""Design""}]",Full Time,5/8/2023,FALSE,MCF-2023-0274152,4/8/2023,4/8/2023,0,3,76,1,1,,Junior Executive,HMLY PTE LTD,3000,1800,Monthly,0,Closed,Desktop Artist,2400
"[{""id"":18,""category"":""Healthcare / Pharmaceutical""},{""id"":26,""category"":""Marketing / Public Relations""}]",Permanent,########,FALSE,MCF-2023-0274068,4/8/2023,4/8/2023,0,0,27,1,1,,Junior Executive,RECRUITPEDIA PTE. LTD.,2400,2000,Monthly,0,Closed,Biotechnologist (SGX Listed Medical Company),2200
"[{""id"":35,""category"":""Sales / Retail""}]",Permanent,########,FALSE,MCF-2023-0274103,4/8/2023,4/8/2023,0,2,38,5,3,,Manager,RECRUITPEDIA PTE. LTD.,7000,5000,Monthly,0,Closed,Senior Store Manager / Retail MNC / Central,6000
"[{""id"":21,""category"":""Information Technology""}]",Permanent,########,FALSE,MCF-2023-0273971,4/8/2023,4/8/2023,0,35,368,7,1,,Professional,MICROSOFT OPERATIONS PTE LTD,20000,10000,Monthly,0,Closed,Principal PM Manager,15000
"[{""id"":1,""category"":""Accounting / Auditing / Taxation""},{""id"":2,""category"":""Admin / Secretarial""}]",Full Time,5/8/2023,FALSE,MCF-2023-0274171,4/8/2023,4/8/2023,0,18,430,0,3,,Executive,SING WAH ENTERPRISE PTE. LTD.,4000,2500,Monthly,0,Closed,Account Assistant,3250
"[{""id"":2,""category"":""Admin / Secretarial""}]",Contract,5/8/2023,FALSE,MCF-2023-0274036,4/8/2023,4/8/2023,0,3,41,2,1,,Executive,RECRUITPEDIA PTE. LTD.,3000,2500,Monthly,0,Closed,Policy Processing Executive,2750
"[{""id"":35,""category"":""Sales / Retail""}]",Full Time,5/8/2023,FALSE,MCF-2022-0869632,4/8/2023,########,2,3,125,1,1,,Non-executive,STARPET MARKETING PTE. LTD.,2200,2000,Monthly,0,Closed,Storeman cum E-commerce Administrator,2100
"[{""id"":2,""category"":""Admin / Secretarial""},{""id"":8,""category"":""Customer Service""},{""id"":18,""category"":""Healthcare / Pharmaceutical""}]",Permanent,7/9/2023,FALSE,MCF-2023-0274162,6/9/2023,4/8/2023,1,7,143,2,1,,Manager,KEYSTONE CLINIC & SURGERY PTE. LTD.,3200,2500,Monthly,0,Re-open,Clinic Manager,2850
"[{""id"":6,""category"":""Building and Construction""}]",Full Time,5/8/2023,FALSE,MCF-2023-0274179,4/8/2023,4/8/2023,0,10,136,3,1,,Executive,ZH BUILDERS PTE. LTD.,7500,6000,Monthly,0,Closed,Project Engineer,6750
"[{""id"":26,""category"":""Marketing / Public Relations""},{""id"":35,""category"":""Sales / Retail""}]",Permanent,########,FALSE,MCF-2023-0274088,4/8/2023,4/8/2023,0,0,40,3,1,,Executive,RECRUITPEDIA PTE. LTD.,4500,3000,Monthly,0,Closed,Sales Executive / FMCG MNC,3750
"[{""id"":38,""category"":""Social Services""}]",Permanent,5/8/2023,FALSE,MCF-2023-0274186,4/8/2023,4/8/2023,0,5,144,6,1,,Professional,AMKFSC COMMUNITY SERVICES LTD.,6000,5000,Monthly,0,Closed,Senior Social Worker (FSC),5500
"[{""id"":2,""category"":""Admin / Secretarial""},{""id"":10,""category"":""Education and Training""},{""id"":16,""category"":""General Management""},{""id"":21,""category"":""Information Technology""},{""id"":37,""category"":""Security and Investigation""}]",Full Time,5/8/2023,FALSE,MCF-2023-0274085,4/8/2023,4/8/2023,0,7,132,5,1,,Manager,LONDON SCHOOL OF BUSINESS & FINANCE PTE. LTD.,4600,3800,Monthly,0,Closed,Assistant/QA Manager,4200
"[{""id"":35,""category"":""Sales / Retail""}]",Full Time,########,FALSE,MCF-2023-0274157,4/8/2023,4/8/2023,0,0,92,0,1,,Junior Executive,SRI MURUGAN MANUFACTURING PTE. LTD.,4500,3500,Monthly,0,Closed,AREA SALESMAN,4000
"[{""id"":18,""category"":""Healthcare / Pharmaceutical""},{""id"":25,""category"":""Manufacturing""},{""id"":35,""category"":""Sales / Retail""}]",Permanent,5/8/2023,FALSE,MCF-2023-0274049,4/8/2023,4/8/2023,0,3,43,2,1,,Senior Executive,RECRUITPEDIA PTE. LTD.,6000,4000,Monthly,0,Closed,Senior Product Specialist (Laboratory Instruments),5000
"[{""id"":18,""category"":""Healthcare / Pharmaceutical""},{""id"":26,""category"":""Marketing / Public Relations""}]",Permanent,########,FALSE,MCF-2023-0274067,4/8/2023,4/8/2023,0,1,40,1,1,,Junior Executive,RECRUITPEDIA PTE. LTD.,2400,2000,Monthly,0,Closed,Laboratory Technologist (SGX Listed Medical Company),2200
"[{""id"":11,""category"":""Engineering""},{""id"":35,""category"":""Sales / Retail""}]",Full Time,########,FALSE,MCF-2023-0153269,########,########,2,15,301,1,1,,Professional,NANYANG EQUIPMENT PTE LTD,5000,3000,Monthly,0,Closed,Senior Sales Engineer / Sales Engineer,4000
"[{""id"":16,""category"":""General Management""},{""id"":18,""category"":""Healthcare / Pharmaceutical""}]",Permanent,5/8/2023,FALSE,MCF-2023-0274176,4/8/2023,4/8/2023,0,47,251,5,1,,Manager,THE LENTOR RESIDENCE PTE LTD,6000,4500,Monthly,0,Closed,Operations Manager (Nursing Home) Lentor Avenue,5250
"[{""id"":24,""category"":""Logistics / Supply Chain""},{""id"":35,""category"":""Sales / Retail""}]",Permanent,5/8/2023,FALSE,MCF-2023-0274190,4/8/2023,4/8/2023,0,2,44,5,2,,Manager,TALENT TRADER GROUP PTE. LTD.,8000,3000,Monthly,0,Closed,Sales / Account Manager (Freight Forwarding),5500
"[{""id"":24,""category"":""Logistics / Supply Chain""}]",Permanent,5/8/2023,FALSE,MCF-2023-0274220,4/8/2023,4/8/2023,0,10,109,3,3,,Executive,TALENT TRADER GROUP PTE. LTD.,3000,2600,Monthly,0,Closed,Warehouse / Inventory Operation Coordinator,2800
"[{""id"":21,""category"":""Information Technology""}]",Permanent,########,FALSE,MCF-2023-0274164,4/8/2023,4/8/2023,0,1,45,2,1,,Junior Executive,TRUST RECRUIT PTE. LTD.,6000,4500,Monthly,0,Closed,URGENT / System Engineer (Active Directory / VMware / Azure / Hyper-V),5250
"[{""id"":21,""category"":""Information Technology""}]",Permanent,########,FALSE,MCF-2023-0274169,4/8/2023,4/8/2023,0,43,203,1,1,,Non-executive,TRUST RECRUIT PTE. LTD.,4000,3000,Monthly,0,Closed,Cyber Security Engineer - Training Provided / IT Background welcome (Cisco / Cyberark / Permanent),3500
"[{""id"":11,""category"":""Engineering""},{""id"":21,""category"":""Information Technology""}]",Full Time,########,TRUE,MCF-2023-0273973,4/8/2023,4/8/2023,0,6,101,1,3,,Junior Executive,BYTECENTURE CONSULTING PTE. LTD.,6000,4000,Monthly,0,Closed,Cloud Application Support Engineer,5000
"[{""id"":15,""category"":""F&B""}]",Permanent,5/8/2023,FALSE,MCF-2023-0274170,4/8/2023,4/8/2023,0,33,221,6,2,,Manager,ESSEPLORE PTE. LTD.,6500,3500,Monthly,0,Closed,Sous Chef,5000
"[{""id"":20,""category"":""Human Resources""}]",Full Time,5/8/2023,FALSE,MCF-2023-0274177,4/8/2023,4/8/2023,0,9,140,3,1,,Executive,SING WAH ENTERPRISE PTE. LTD.,3500,3200,Monthly,0,Closed,Human Resource Executive,3350
"[{""id"":6,""category"":""Building and Construction""}]",Full Time,5/8/2023,FALSE,MCF-2023-0274262,4/8/2023,4/8/2023,0,4,113,5,1,,Executive,WAH SYN ENGINEERING PTE. LTD.,4000,3000,Monthly,0,Closed,Construction Senior Electrical Site Supervisor,3500
"[{""id"":1,""category"":""Accounting / Auditing / Taxation""},{""id"":5,""category"":""Banking and Finance""},{""id"":16,""category"":""General Management""},{""id"":29,""category"":""Professional Services""},{""id"":41,""category"":""Others""}]",Full Time,########,FALSE,MCF-2023-0274175,4/8/2023,4/8/2023,0,11,135,0,1,,Executive,CRESCO HOLDINGS PTE. LTD.,7000,4500,Monthly,0,Closed,Legal Counsel,5750
"[{""id"":10,""category"":""Education and Training""}]",Full Time,5/8/2023,FALSE,MCF-2023-0065764,4/8/2023,########,2,49,628,0,3,,Fresh/entry level,OLIVE TREE INTERVENTION CENTRE PTE. LTD.,1,1,Monthly,0,Closed,Educational Therapist - Internship,1
"[{""id"":6,""category"":""Building and Construction""}]",Full Time,5/8/2023,FALSE,MCF-2023-0274168,4/8/2023,4/8/2023,0,9,180,3,3,,Executive,SING WAH ENTERPRISE PTE. LTD.,6000,2800,Monthly,0,Closed,Bim Modeller,4400
"[{""id"":2,""category"":""Admin / Secretarial""},{""id"":8,""category"":""Customer Service""}]",Permanent,########,FALSE,MCF-2023-0274033,########,4/8/2023,2,6,163,1,2,,Executive,EVERSAFE ACADEMY PTE. LTD.,3500,2000,Monthly,0,Re-open,Centre In-charge,2750
"[{""id"":24,""category"":""Logistics / Supply Chain""},{""id"":31,""category"":""Purchasing / Merchandising""}]",Contract,5/8/2023,FALSE,MCF-2023-0274279,4/8/2023,4/8/2023,0,13,127,0,1,,Fresh/entry level,STAFFLINK SERVICES PRIVATE LIMITED,4500,3500,Monthly,0,Closed,Global Liner Shipping Procurement,4000
"[{""id"":21,""category"":""Information Technology""}]",Permanent,########,FALSE,MCF-2023-0274173,4/8/2023,4/8/2023,0,18,157,2,1,,Junior Executive,TRUST RECRUIT PTE. LTD.,5000,3500,Monthly,0,Closed,"Urgent Hiring! / IT Engineer / Infrastructure Engineer ( Network , Server , IT Support )",4250
"[{""id"":21,""category"":""Information Technology""}]",Contract,########,FALSE,MCF-2023-0274167,4/8/2023,4/8/2023,0,6,133,8,2,,Professional,MATRIX PROCESS AUTOMATION PTE. LTD.,7500,5000,Monthly,0,Closed,SAP FICO Consultant,6250
"[{""id"":24,""category"":""Logistics / Supply Chain""}]",Permanent,########,FALSE,MCF-2023-0274104,4/8/2023,4/8/2023,0,0,21,2,1,,Senior Executive,RECRUITPEDIA PTE. LTD.,4000,2800,Monthly,0,Closed,Indoor Sales Executive / Islandwide / Logistics Industry #Urgent,3400
"[{""id"":26,""category"":""Marketing / Public Relations""}]",Full Time,5/8/2023,FALSE,MCF-2023-0274141,4/8/2023,4/8/2023,0,10,93,5,2,,Manager,3SI PTE. LTD.,5000,4000,Monthly,0,Closed,Sales Manager,4500
"[{""id"":21,""category"":""Information Technology""}]",Full Time,5/8/2023,FALSE,MCF-2023-0274229,4/8/2023,4/8/2023,0,24,133,5,2,,Middle Management,OTTOMAN GAMES PTE. LTD.,10000,6500,Monthly,0,Closed,Sales Director,8250
"[{""id"":11,""category"":""Engineering""}]",Permanent,5/8/2023,FALSE,MCF-2023-0274257,4/8/2023,4/8/2023,0,1,52,6,1,,Senior Executive,RECRUITPEDIA PTE. LTD.,6500,5000,Monthly,0,Closed,Supplier Development Engineer - Manufacturing MNC (North),5750
"[{""id"":21,""category"":""Information Technology""}]",Full Time,5/8/2023,FALSE,MCF-2023-0274267,4/8/2023,4/8/2023,0,27,144,5,2,,Senior Management,HOTS (SG) TECHNOLOGY PTE. LTD.,12000,7500,Monthly,0,Closed,Sales Director,9750
"[{""id"":2,""category"":""Admin / Secretarial""},{""id"":17,""category"":""General Work""}]",Full Time,5/8/2023,TRUE,MCF-2023-0274199,4/8/2023,4/8/2023,0,4,48,10,4,,Professional,WONDERFUL MANPOWER PTE. LTD.,4700,2400,Monthly,0,Closed,Assistant Manager,3550
"[{""id"":2,""category"":""Admin / Secretarial""}]",Permanent,5/8/2023,FALSE,MCF-2023-0274197,4/8/2023,4/8/2023,0,13,102,2,2,,Executive,TALENT TRADER GROUP PTE. LTD.,3800,3000,Monthly,0,Closed,Personal Assistant (Multiple Openings),3400
"[{""id"":23,""category"":""Legal""},{""id"":25,""category"":""Manufacturing""}]",Full Time,5/8/2023,FALSE,MCF-2023-0274212,4/8/2023,4/8/2023,0,4,49,7,1,,Senior Management,RECRUITPEDIA PTE. LTD.,11000,8000,Monthly,0,Closed,Legal Counsel / West / Global MNC,9500
"[{""id"":6,""category"":""Building and Construction""}]",Permanent,5/8/2023,FALSE,MCF-2023-0274241,4/8/2023,4/8/2023,0,11,136,2,2,,Executive,MAXX ENGINEERING PTE. LTD.,2500,2000,Monthly,0,Closed,Admin Executive,2250
"[{""id"":21,""category"":""Information Technology""}]",Full Time,5/8/2023,FALSE,MCF-2023-0274227,4/8/2023,4/8/2023,0,52,250,10,2,,Senior Management,OTTOMAN GAMES PTE. LTD.,12000,7500,Monthly,0,Closed,General Manager,9750
"[{""id"":1,""category"":""Accounting / Auditing / Taxation""},{""id"":15,""category"":""F&B""},{""id"":35,""category"":""Sales / Retail""}]",Full Time,5/8/2023,FALSE,MCF-2023-0274218,4/8/2023,4/8/2023,0,11,89,3,1,,Senior Executive,RECRUITPEDIA PTE. LTD.,6500,4500,Monthly,0,Closed,Assistant Finance Manager (F&B/Retail/FMCG) / Global MNC / East,5500
"[{""id"":2,""category"":""Admin / Secretarial""},{""id"":24,""category"":""Logistics / Supply Chain""}]",Temporary,########,FALSE,MCF-2023-0274222,5/9/2023,4/8/2023,1,7,95,2,1,,Executive,QUANTUM LEAP CAREER CONSULTANCY PTE. LTD.,4200,3800,Monthly,0,Closed,Logistics Executive (12 months Contract) - West location,4000
"[{""id"":17,""category"":""General Work""},{""id"":24,""category"":""Logistics / Supply Chain""},{""id"":25,""category"":""Manufacturing""},{""id"":41,""category"":""Others""}]",Permanent,5/8/2023,FALSE,MCF-2023-0274144,4/8/2023,4/8/2023,0,0,41,1,1,,Non-executive,CT SOLUTIONS (PTE. LTD.),1900,1500,Monthly,0,Closed,"Warehouse Assistant (MNC / 5 Days / Up to $1,900 + AWS + Performance Bonus / Tuas / Island Wide Company Transport Provided)",1700
"[{""id"":7,""category"":""Consulting""},{""id"":8,""category"":""Customer Service""},{""id"":26,""category"":""Marketing / Public Relations""},{""id"":35,""category"":""Sales / Retail""},{""id"":39,""category"":""Telecommunications""}]",Permanent,########,FALSE,MCF-2023-0274237,########,4/8/2023,2,9,213,2,2,,Executive,QUANTUM LEAP CAREER CONSULTANCY PTE. LTD.,3200,3000,Monthly,0,Re-open,Luxury Client Care Services | *Based in Call Center* |Thai Market,3100
"[{""id"":26,""category"":""Marketing / Public Relations""}]",Permanent,5/8/2023,FALSE,MCF-2023-0274253,4/8/2023,4/8/2023,0,3,47,5,1,,Manager,RECRUITPEDIA PTE. LTD.,6000,4500,Monthly,0,Closed,Marketing Manager - (CRM) / F&B Retail / Central,5250
"[{""id"":11,""category"":""Engineering""},{""id"":25,""category"":""Manufacturing""},{""id"":41,""category"":""Others""}]",Permanent,5/8/2023,FALSE,MCF-2023-0274135,4/8/2023,4/8/2023,0,3,69,0,1,,Fresh/entry level,CT SOLUTIONS (PTE. LTD.),2700,2500,Monthly,0,Closed,"Assistant Test Engineer (MNC / 5 Days / Up to $2,500 + AWS + Performance Bonus / Tuas / Island Wide Company Transport Provided / No Experience Required)",2600
"[{""id"":1,""category"":""Accounting / Auditing / Taxation""},{""id"":15,""category"":""F&B""},{""id"":35,""category"":""Sales / Retail""}]",Full Time,5/8/2023,FALSE,MCF-2023-0274215,4/8/2023,4/8/2023,0,2,42,3,1,,Senior Executive,RECRUITPEDIA PTE. LTD.,6000,4500,Monthly,0,Closed,Senior Accountant (F&B/Retail/FMCG) / Global MNC / East,5250
"[{""id"":6,""category"":""Building and Construction""}]",Full Time,6/8/2023,FALSE,MCF-2023-0183324,5/9/2023,3/8/2023,2,5,559,1,1,,Executive,SC ENGINEERING PRIVATE LIMITED,3500,2000,Monthly,0,Closed,Electrician,2750
"[{""id"":21,""category"":""Information Technology""}]",Permanent,6/5/2023,FALSE,MCF-2023-0274263,########,4/8/2023,2,9,173,5,1,,Professional,JJ CONSULTING SERVICES,13000,9000,Monthly,0,Closed,"Principal Software Engineer, Backend/Java",11000
"[{""id"":11,""category"":""Engineering""},{""id"":25,""category"":""Manufacturing""},{""id"":36,""category"":""Sciences / Laboratory / R&D""}]",Permanent,5/8/2023,FALSE,MCF-2023-0274142,4/8/2023,4/8/2023,0,0,24,2,1,,Executive,CT SOLUTIONS (PTE. LTD.),4000,3000,Monthly,0,Closed,"Electroplating Engineer (MNC / 5 Days / Up to $4,000 + AWS + Performance Bonus / Pioneer / Island Wide Company Transport Provided)",3500
"[{""id"":11,""category"":""Engineering""},{""id"":25,""category"":""Manufacturing""}]",Full Time,5/8/2023,FALSE,MCF-2023-0274214,4/8/2023,4/8/2023,0,10,82,3,1,,Senior Executive,RECRUITPEDIA PTE. LTD.,6500,4500,Monthly,0,Closed,Project Engineer / Oil & Gas MNC / West,5500
"[{""id"":9,""category"":""Design""},{""id"":30,""category"":""Public / Civil Service""},{""id"":41,""category"":""Others""}]",Contract,5/8/2023,FALSE,MCF-2023-0274208,4/8/2023,4/8/2023,0,32,275,1,1,,Junior Executive,ACE RECRUITERS,3000,2800,Monthly,0,Closed,Graphic Designer (CC/East),2900
"[{""id"":11,""category"":""Engineering""}]",Full Time,6/8/2023,FALSE,MCF-2023-0183233,5/9/2023,3/8/2023,2,8,201,1,2,,Executive,SC ENGINEERING PRIVATE LIMITED,3800,2500,Monthly,0,Closed,Project Executive,3150
"[{""id"":6,""category"":""Building and Construction""}]",Full Time,5/8/2023,FALSE,MCF-2023-0274128,4/8/2023,4/8/2023,0,3,128,3,2,,Junior Executive,ECONEST BUILDERS PTE. LTD.,6000,2800,Monthly,0,Closed,Quantity Surveyor,4400
"[{""id"":5,""category"":""Banking and Finance""}]",Full Time,########,FALSE,MCF-2023-0274119,4/8/2023,4/8/2023,0,27,284,6,1,,Professional,GIC PRIVATE LIMITED,13000,6500,Monthly,0,Closed,"AVP, Investment Services Management",9750
"[{""id"":6,""category"":""Building and Construction""}]",Full Time,5/8/2023,FALSE,MCF-2023-0274130,4/8/2023,4/8/2023,0,18,207,3,1,,Middle Management,3SI PTE. LTD.,3500,3000,Monthly,0,Closed,HR ADMIN EXECUTIVE,3250
"[{""id"":20,""category"":""Human Resources""}]",Permanent,########,FALSE,MCF-2023-0274087,4/8/2023,4/8/2023,0,14,74,5,1,,Manager,RECRUITPEDIA PTE. LTD.,9000,7000,Monthly,0,Closed,Operations Manager (Resources Planning) / MNC,8000